{
  "name": "MySensors",
  "keywords": "framework, sensor, rf",
  "description": "Home Automation Framework. Create your own wireless sensor mesh using NRF24L01+, RFM69 and RFM95 radios running on Arduino or ESP8266. Over-the-air updates and MySensors support in 16+ home automation controllers.",
  "repository":
  {
    "type": "git",
    "url": "https://github.com/mysensors/MySensors.git"
  },
  "version": "2.1.1",
  "frameworks": "arduino",
  "platforms": [
    "atmelavr",
    "atmelsam",
    "espressif8266"
  ],
  "export": {
    "exclude": [
      "tests",
      "Documentation",
      "Doxyfile"
    ]
  }
}